<?xml version="1.0" encoding="UTF-8"?>
<project-private xmlns="http://www.netbeans.org/ns/project-private/1">
    <editor-bookmarks xmlns="http://www.netbeans.org/ns/editor-bookmarks/2" lastBookmarkId="0"/>
    <open-files xmlns="http://www.netbeans.org/ns/projectui-open-files/2">
        <group>
            <file>file:/D:/Downloads/SMU%20STUFF/Y3S1/Blockchain/Projects/Blockchain/Java%20Implementation/CertChain/src/certchain/Block.java</file>
            <file>file:/D:/Downloads/SMU%20STUFF/Y3S1/Blockchain/Projects/Blockchain/Java%20Implementation/CertChain/src/Networking/Network.java</file>
            <file>file:/D:/Downloads/SMU%20STUFF/Y3S1/Blockchain/Projects/Blockchain/Java%20Implementation/CertChain/src/certchain/Certificate.java</file>
            <file>file:/D:/Downloads/SMU%20STUFF/Y3S1/Blockchain/Projects/Blockchain/Java%20Implementation/CertChain/src/certchain/Blockchain.java</file>
            <file>file:/D:/Downloads/SMU%20STUFF/Y3S1/Blockchain/Projects/Blockchain/Java%20Implementation/CertChain/src/Application/Application.java</file>
            <file>file:/D:/Downloads/SMU%20STUFF/Y3S1/Blockchain/Projects/Blockchain/Java%20Implementation/CertChain/src/Networking/Node.java</file>
        </group>
    </open-files>
</project-private>
